{"cameraMode":{"drawMode":0,"name":"Shaded","section":"Shading Mode"},"sceneLighting":true,"audioPlay":false,"sceneViewState":{"m_AlwaysRefresh":false,"showFog":true,"showSkybox":true,"showFlares":true,"showImageEffects":true,"showParticleSystems":true,"showVisualEffectGraphs":true,"m_FxEnabled":true},"in2DMode":false,"pivot":{"x":502.5386047363281,"y":120.50567626953125,"z":-99.9779052734375},"rotation":{"x":-0.0007739229477010667,"y":-0.9986498355865479,"z":0.05128629878163338,"w":-0.014780739322304726},"size":699.2093505859375,"orthographic":false}