{"cameraMode":{"drawMode":0,"name":"Shaded","section":"Shading Mode"},"sceneLighting":false,"audioPlay":false,"sceneViewState":{"m_AlwaysRefresh":false,"showFog":true,"showSkybox":false,"showFlares":true,"showImageEffects":true,"showParticleSystems":true,"showVisualEffectGraphs":true,"m_FxEnabled":true},"in2DMode":false,"pivot":{"x":0.000008046627044677734,"y":-0.00010209530591964722,"z":-0.000029608607292175293},"rotation":{"x":-0.07070860266685486,"y":-0.0349934957921505,"z":0.0025023219641298057,"w":-0.9968929886817932},"size":1.030734658241272,"orthographic":false}